INSERT INTO customer (id, first_name, last_name, role, email, phone, passport, birthday, created, updated, status) VALUES ('6920f0a5-0d9a-41e6-a138-45a4e2d25771', 'Иван', 'Иванов', 'CUSTOMER', '<EMAIL>', '+79001234567', '1234567890', '1990-01-01', '2024-09-23', '2024-09-23', 'ACTIVE'),
                                                                                             ('16d099e1-7f92-4183-9572-6e9a7402c9c5', 'Пётр', 'Петров', 'CUSTOMER', '<EMAIL>', '+79001234568', '1234567891', '1991-01-01', '2024-09-23', '2024-09-23', 'ACTIVE'),
                                                                                             ('2c7043ca-40af-4eae-9ce1-3d8a89a4593e', 'Анна', 'Андреева', 'CUSTOMER', '<EMAIL>', '+79001234569', '1234567892', '1992-01-01', '2024-09-23', '2024-09-23', 'ACTIVE'),
                                                                                             ('4563676a-9b8f-49a3-9c47-d3ded474b392', 'Мария', 'Маркова', 'CUSTOMER', '<EMAIL>', '+79001234570', '1234567893', '1993-01-01', '2024-09-23', '2024-09-23', 'ACTIVE'),
                                                                                             ('dbf83c9e-f6b0-40c1-8474-938b940e9157', 'Елена', 'Емельянова', 'CUSTOMER', '<EMAIL>', '+79001234571', '1234567894', '1994-01-01', '2024-09-23', '2024-09-23', 'ACTIVE'),
                                                                                             ('98d8463a-2e2f-4080-a5e5-1dab740af567', 'Василий', 'Васильев', 'CUSTOMER', '<EMAIL>', '+79001234572', '1234567895', '1995-01-01', '2024-09-23', '2024-09-23', 'ACTIVE'),
                                                                                             ('32414d83-6c4a-4ab2-bfb5-69573ce8b8b2', 'Ольга', 'Орлова', 'CUSTOMER', '<EMAIL>', '+79001234573', '1234567896', '1996-01-01', '2024-09-23', '2024-09-23', 'ACTIVE'),
                                                                                             ('ac78bff3-3813-43ef-9dee-c2a0a3fddd77', 'Наталья', 'Николаева', 'CUSTOMER', '<EMAIL>', '+79001234574', '1234567897', '1997-01-01', '2024-09-23', '2024-09-23', 'ACTIVE'),
                                                                                             ('3c911959-01c7-4e02-9d71-92da1f0150f2', 'Александр', 'Александров', 'CUSTOMER', '<EMAIL>', '+79001234575', '1234567898', '1998-01-01', '2024-09-23', '2024-09-23', 'ACTIVE'),
                                                                                             ('3a557ae1-8bf0-43ac-9825-231c0cb24737', 'Сергей', 'Сергеев', 'CUSTOMER', '<EMAIL>', '+79001234576', '1234567899', '1998-01-01', '2024-09-23', '2024-09-23', 'ACTIVE');

INSERT INTO account (id, number, release, customer_id, created, updated, status) VALUES ('2dda261e-95ce-4259-bceb-fdd1db21c3a7', '1234567890123456', '2022-01-01', '6920f0a5-0d9a-41e6-a138-45a4e2d25771', '2024-09-23', '2024-09-23', 'ACTIVE'),
                                                           ('b2fa630c-f632-4428-9e48-85312ff882a5', '1234567890123457', '2022-01-01', '98d8463a-2e2f-4080-a5e5-1dab740af567', '2024-09-23', '2024-09-23', 'ACTIVE'),
                                                           ('35184c4b-32fd-4482-9b32-621e6d074e20', '1234567890123458', '2022-01-01', '98d8463a-2e2f-4080-a5e5-1dab740af567', '2024-09-23', '2024-09-23', 'ACTIVE'),
                                                           ('783bdf48-3cc4-4cd7-841a-ef50344b4e8c', '1234567890123459', '2022-01-01', '98d8463a-2e2f-4080-a5e5-1dab740af567', '2024-09-23', '2024-09-23', 'ACTIVE'),
                                                           ('83fbdbb2-16c9-4f1f-9778-5e4c13920d88', '1234567890123460', '2022-01-01', '3c911959-01c7-4e02-9d71-92da1f0150f2', '2024-09-23', '2024-09-23', 'ACTIVE'),
                                                           ('03f9e96d-8327-4d3d-9246-5a0ab6fcc581', '1234567890123461', '2022-01-01', '3c911959-01c7-4e02-9d71-92da1f0150f2', '2024-09-23', '2024-09-23', 'ACTIVE'),
                                                           ('aa6cee7e-7978-4e37-ba1b-1096b433741c', '1234567890123462', '2022-01-01', '3a557ae1-8bf0-43ac-9825-231c0cb24737', '2024-09-23', '2024-09-23', 'ACTIVE'),
                                                           ('8de03e43-b3f9-4807-baf8-20332e09b0d7', '1234567890123463', '2022-01-01', '3a557ae1-8bf0-43ac-9825-231c0cb24737', '2024-09-23', '2024-09-23', 'ACTIVE'),
                                                           ('27fa77e3-2455-4002-82ff-5cb5d6516f39', '1234567890123464', '2022-01-01', '3a557ae1-8bf0-43ac-9825-231c0cb24737', '2024-09-23', '2024-09-23', 'ACTIVE');

INSERT INTO card (id, number, cvv, pin, release, expired, card_status, balance, account_id, created, updated, status) VALUES ('2e89ca5e-dc76-4405-9cd9-90f15684a566', '1234567890123456', '123', '1234', '2022-01-01', '2025-01-01', 'ACTIVE', 1000, 'b2fa630c-f632-4428-9e48-85312ff882a5', '2024-09-23', '2024-09-23', 'ACTIVE'),
                                                                                           ('a06c3d04-9bb2-40ac-8897-3cd34cbea71a', '1234567890123457', '123', '1234', '2022-01-01', '2025-01-01', 'BLOCKED', 0, 'b2fa630c-f632-4428-9e48-85312ff882a5', '2024-09-23', '2024-09-23', 'ACTIVE'),
                                                                                           ('cee82355-620b-406e-bfb4-d444cd8a9de1', '1234567890123458', '123', '1234', '2022-01-01', '2025-01-01', 'ACTIVE', 1000, 'b2fa630c-f632-4428-9e48-85312ff882a5', '2024-09-23', '2024-09-23', 'ACTIVE'),
                                                                                           ('013a1c3c-18ce-412a-8ffa-c673f49c3662', '1234567890123459', '123', '1234', '2022-01-01', '2025-01-01', 'BLOCKED', 0, '35184c4b-32fd-4482-9b32-621e6d074e20', '2024-09-23', '2024-09-23', 'ACTIVE'),
                                                                                           ('52715204-e1e4-48b8-af60-f30e668178e4', '1234567890123460', '123', '1234', '2022-01-01', '2025-01-01', 'ACTIVE', 1000, '35184c4b-32fd-4482-9b32-621e6d074e20', '2024-09-23', '2024-09-23', 'ACTIVE'),
                                                                                           ('90b4c783-d254-4ae2-b544-951368ded993', '1234567890123461', '123', '1234', '2022-01-01', '2025-01-01', 'ACTIVE', 1000, '35184c4b-32fd-4482-9b32-621e6d074e20', '2024-09-23', '2024-09-23', 'ACTIVE'),
                                                                                           ('c2ead481-10c7-40ec-8990-4161045b0465', '1234567890123462', '123', '1234', '2022-01-01', '2025-01-01', 'BLOCKED', 1000, '8de03e43-b3f9-4807-baf8-20332e09b0d7', '2024-09-23', '2024-09-23', 'ACTIVE');